{"cameraMode":{"drawMode":0,"name":"Shaded","section":"Shading Mode"},"sceneLighting":false,"audioPlay":false,"sceneViewState":{"showFog":true,"showMaterialUpdate":false,"showSkybox":false,"showFlares":true,"showImageEffects":true,"showParticleSystems":true},"in2DMode":false,"pivot":{"x":-0.18413448333740235,"y":0.5299999713897705,"z":-2.069999933242798},"rotation":{"x":0.4099101126194,"y":0.5661407709121704,"z":-0.38509097695350649,"w":0.6026454567909241},"size":0.8660253882408142,"orthographic":false}