{"cameraMode":{"drawMode":0,"name":"Shaded","section":"Shading Mode"},"sceneLighting":false,"audioPlay":false,"sceneViewState":{"showFog":true,"showMaterialUpdate":false,"showSkybox":false,"showFlares":true,"showImageEffects":true,"showParticleSystems":true},"in2DMode":false,"pivot":{"x":3.582441568374634,"y":2.1725049018859865,"z":4.3083648681640629},"rotation":{"x":0.4099101126194,"y":0.5661407709121704,"z":-0.38509097695350649,"w":0.6026454567909241},"size":0.8664699792861939,"orthographic":false}